{
  "gpt-4.1": 1332.817391304348,
  "claude-3-5-sonnet-20241022": 1306.4819875776398,
  "gemini-1.5-flash-8b": 1285.3142857142857,
  "Qwen3-32B": 1232.8819875776398,
  "Apertus3-70B_iter_564750-tulu3-sft": 1205.135403726708,
  "apertus3-70b-4T-sft": 1199.8285714285714,
  "apertus3-70b-iter_304250": 1193.7863354037268,
  "OLMo-2-32B-Instruct": 1187.2273291925467,
  "apertus3-70b-15T-sft": 1178.4422360248448,
  "apertus3-70b_iter_1155828": 1175.9776397515527,
  "apertus3-70b-iter_90000": 1175.9180124223603,
  "apertus3-70b-9T-sft": 1158.9242236024845,
  "apertus3-70b-10T": 1158.5465838509317,
  "apertus3-8b-6.3T-sft": 1146.5416149068324,
  "apertus3-8b-iter_90000": 1136.6832298136646,
  "apertus3-8b_iter_1678000": 1125.4931677018633
}